Admin,admin,TRUE,TRUE
Matt,iamnotaffiliatedwithofficeworks,TRUE,TRUE
Shane,shanecoulter,false,FALSE
Natalie,nataliebroome,FALSE,TRUE
Mr. Bonfadini,Bonfa,TRUE,TRUE
